student_id,name,grade,counselor_id,restricted_teacher_ids
M2026001,MS_Student_0001,6,,
M2026002,MS_Student_0002,6,,
M2026003,MS_Student_0003,6,,
M2026004,MS_Student_0004,6,,
M2026005,MS_Student_0005,6,,
M2026006,MS_Student_0006,6,,
M2026007,MS_Student_0007,6,,
M2026008,MS_Student_0008,6,,
M2026009,MS_Student_0009,6,,
M2026010,MS_Student_0010,6,,
M2026011,MS_Student_0011,6,,
M2026012,MS_Student_0012,6,,
M2026013,MS_Student_0013,6,,
M2026014,MS_Student_0014,6,,
M2026015,MS_Student_0015,6,,
M2026016,MS_Student_0016,6,,
M2026017,MS_Student_0017,6,,
M2026018,MS_Student_0018,6,,
M2026019,MS_Student_0019,6,,
M2026020,MS_Student_0020,6,,
M2026021,MS_Student_0021,6,,
M2026022,MS_Student_0022,6,,
M2026023,MS_Student_0023,6,,
M2026024,MS_Student_0024,6,,
M2026025,MS_Student_0025,6,,
M2026026,MS_Student_0026,6,,
M2026027,MS_Student_0027,6,,
M2026028,MS_Student_0028,6,,
M2026029,MS_Student_0029,6,,
M2026030,MS_Student_0030,6,,
M2026031,MS_Student_0031,6,,
M2026032,MS_Student_0032,6,,
M2026033,MS_Student_0033,6,,
M2026034,MS_Student_0034,6,,
M2026035,MS_Student_0035,6,,
M2026036,MS_Student_0036,6,,
M2026037,MS_Student_0037,6,,
M2026038,MS_Student_0038,6,,
M2026039,MS_Student_0039,6,,
M2026040,MS_Student_0040,6,,
M2026041,MS_Student_0041,6,,
M2026042,MS_Student_0042,6,,
M2026043,MS_Student_0043,6,,
M2026044,MS_Student_0044,6,,
M2026045,MS_Student_0045,6,,
M2026046,MS_Student_0046,6,,
M2026047,MS_Student_0047,6,,
M2026048,MS_Student_0048,6,,
M2026049,MS_Student_0049,6,,
M2026050,MS_Student_0050,6,,
M2026051,MS_Student_0051,6,,
M2026052,MS_Student_0052,6,,
M2026053,MS_Student_0053,6,,
M2026054,MS_Student_0054,6,,
M2026055,MS_Student_0055,6,,
M2026056,MS_Student_0056,6,,
M2026057,MS_Student_0057,6,,
M2026058,MS_Student_0058,6,,
M2026059,MS_Student_0059,6,,
M2026060,MS_Student_0060,6,,
M2026061,MS_Student_0061,6,,
M2026062,MS_Student_0062,6,,
M2026063,MS_Student_0063,6,,
M2026064,MS_Student_0064,6,,
M2026065,MS_Student_0065,6,,
M2026066,MS_Student_0066,6,,
M2026067,MS_Student_0067,6,,
M2026068,MS_Student_0068,6,,
M2026069,MS_Student_0069,6,,
M2026070,MS_Student_0070,6,,
M2026071,MS_Student_0071,6,,
M2026072,MS_Student_0072,6,,
M2026073,MS_Student_0073,6,,
M2026074,MS_Student_0074,6,,
M2026075,MS_Student_0075,6,,
M2026076,MS_Student_0076,6,,
M2026077,MS_Student_0077,6,,
M2026078,MS_Student_0078,6,,
M2026079,MS_Student_0079,6,,
M2026080,MS_Student_0080,6,,
M2026081,MS_Student_0081,6,,
M2026082,MS_Student_0082,6,,
M2026083,MS_Student_0083,6,,
M2026084,MS_Student_0084,6,,
M2026085,MS_Student_0085,6,,
M2026086,MS_Student_0086,6,,
M2026087,MS_Student_0087,6,,
M2026088,MS_Student_0088,6,,
M2026089,MS_Student_0089,6,,
M2026090,MS_Student_0090,6,,
M2026091,MS_Student_0091,6,,
M2026092,MS_Student_0092,6,,
M2026093,MS_Student_0093,6,,
M2026094,MS_Student_0094,6,,
M2026095,MS_Student_0095,6,,
M2026096,MS_Student_0096,6,,
M2026097,MS_Student_0097,6,,
M2026098,MS_Student_0098,6,,
M2026099,MS_Student_0099,6,,
M2026100,MS_Student_0100,6,,
M2026101,MS_Student_0101,6,,
M2026102,MS_Student_0102,6,,
M2026103,MS_Student_0103,6,,
M2026104,MS_Student_0104,6,,
M2026105,MS_Student_0105,6,,
M2026106,MS_Student_0106,6,,
M2026107,MS_Student_0107,6,,
M2026108,MS_Student_0108,6,,
M2026109,MS_Student_0109,6,,
M2026110,MS_Student_0110,6,,
M2026111,MS_Student_0111,6,,
M2026112,MS_Student_0112,6,,
M2026113,MS_Student_0113,6,,
M2026114,MS_Student_0114,6,,
M2026115,MS_Student_0115,6,,
M2026116,MS_Student_0116,6,,
M2026117,MS_Student_0117,6,,
M2026118,MS_Student_0118,6,,
M2026119,MS_Student_0119,6,,
M2026120,MS_Student_0120,6,,
M2026121,MS_Student_0121,6,,
M2026122,MS_Student_0122,6,,
M2026123,MS_Student_0123,6,,
M2026124,MS_Student_0124,6,,
M2026125,MS_Student_0125,6,,
M2026126,MS_Student_0126,6,,
M2026127,MS_Student_0127,6,,
M2026128,MS_Student_0128,6,,
M2026129,MS_Student_0129,6,,
M2026130,MS_Student_0130,6,,
M2026131,MS_Student_0131,6,,
M2026132,MS_Student_0132,6,,
M2026133,MS_Student_0133,6,,
M2026134,MS_Student_0134,6,,
M2026135,MS_Student_0135,6,,
M2026136,MS_Student_0136,6,,
M2026137,MS_Student_0137,6,,
M2026138,MS_Student_0138,6,,
M2026139,MS_Student_0139,6,,
M2026140,MS_Student_0140,6,,
M2026141,MS_Student_0141,6,,
M2026142,MS_Student_0142,6,,
M2026143,MS_Student_0143,6,,
M2026144,MS_Student_0144,6,,
M2026145,MS_Student_0145,6,,
M2026146,MS_Student_0146,6,,
M2026147,MS_Student_0147,6,,
M2026148,MS_Student_0148,6,,
M2026149,MS_Student_0149,6,,
M2026150,MS_Student_0150,6,,
M2026151,MS_Student_0151,6,,
M2026152,MS_Student_0152,6,,
M2026153,MS_Student_0153,6,,
M2026154,MS_Student_0154,6,,
M2026155,MS_Student_0155,6,,
M2026156,MS_Student_0156,6,,
M2026157,MS_Student_0157,6,,
M2026158,MS_Student_0158,6,,
M2026159,MS_Student_0159,6,,
M2026160,MS_Student_0160,6,,
M2026161,MS_Student_0161,6,,
M2026162,MS_Student_0162,6,,
M2026163,MS_Student_0163,6,,
M2026164,MS_Student_0164,6,,
M2026165,MS_Student_0165,6,,
M2026166,MS_Student_0166,6,,
M2026167,MS_Student_0167,6,,
M2026168,MS_Student_0168,6,,
M2026169,MS_Student_0169,6,,
M2026170,MS_Student_0170,6,,
M2026171,MS_Student_0171,6,,
M2026172,MS_Student_0172,6,,
M2026173,MS_Student_0173,6,,
M2026174,MS_Student_0174,6,,
M2026175,MS_Student_0175,6,,
M2026176,MS_Student_0176,6,,
M2026177,MS_Student_0177,6,,
M2026178,MS_Student_0178,6,,
M2026179,MS_Student_0179,6,,
M2026180,MS_Student_0180,6,,
M2026181,MS_Student_0181,6,,
M2026182,MS_Student_0182,6,,
M2026183,MS_Student_0183,6,,
M2026184,MS_Student_0184,6,,
M2026185,MS_Student_0185,6,,
M2026186,MS_Student_0186,6,,
M2026187,MS_Student_0187,6,,
M2026188,MS_Student_0188,6,,
M2026189,MS_Student_0189,6,,
M2026190,MS_Student_0190,6,,
M2026191,MS_Student_0191,6,,
M2026192,MS_Student_0192,6,,
M2026193,MS_Student_0193,6,,
M2026194,MS_Student_0194,6,,
M2026195,MS_Student_0195,6,,
M2026196,MS_Student_0196,6,,
M2026197,MS_Student_0197,6,,
M2026198,MS_Student_0198,6,,
M2026199,MS_Student_0199,6,,
M2026200,MS_Student_0200,6,,
M2026201,MS_Student_0201,7,,
M2026202,MS_Student_0202,7,,
M2026203,MS_Student_0203,7,,
M2026204,MS_Student_0204,7,,
M2026205,MS_Student_0205,7,,
M2026206,MS_Student_0206,7,,
M2026207,MS_Student_0207,7,,
M2026208,MS_Student_0208,7,,
M2026209,MS_Student_0209,7,,
M2026210,MS_Student_0210,7,,
M2026211,MS_Student_0211,7,,
M2026212,MS_Student_0212,7,,
M2026213,MS_Student_0213,7,,
M2026214,MS_Student_0214,7,,
M2026215,MS_Student_0215,7,,
M2026216,MS_Student_0216,7,,
M2026217,MS_Student_0217,7,,
M2026218,MS_Student_0218,7,,
M2026219,MS_Student_0219,7,,
M2026220,MS_Student_0220,7,,
M2026221,MS_Student_0221,7,,
M2026222,MS_Student_0222,7,,
M2026223,MS_Student_0223,7,,
M2026224,MS_Student_0224,7,,
M2026225,MS_Student_0225,7,,
M2026226,MS_Student_0226,7,,
M2026227,MS_Student_0227,7,,
M2026228,MS_Student_0228,7,,
M2026229,MS_Student_0229,7,,
M2026230,MS_Student_0230,7,,
M2026231,MS_Student_0231,7,,
M2026232,MS_Student_0232,7,,
M2026233,MS_Student_0233,7,,
M2026234,MS_Student_0234,7,,
M2026235,MS_Student_0235,7,,
M2026236,MS_Student_0236,7,,
M2026237,MS_Student_0237,7,,
M2026238,MS_Student_0238,7,,
M2026239,MS_Student_0239,7,,
M2026240,MS_Student_0240,7,,
M2026241,MS_Student_0241,7,,
M2026242,MS_Student_0242,7,,
M2026243,MS_Student_0243,7,,
M2026244,MS_Student_0244,7,,
M2026245,MS_Student_0245,7,,
M2026246,MS_Student_0246,7,,
M2026247,MS_Student_0247,7,,
M2026248,MS_Student_0248,7,,
M2026249,MS_Student_0249,7,,
M2026250,MS_Student_0250,7,,
M2026251,MS_Student_0251,7,,
M2026252,MS_Student_0252,7,,
M2026253,MS_Student_0253,7,,
M2026254,MS_Student_0254,7,,
M2026255,MS_Student_0255,7,,
M2026256,MS_Student_0256,7,,
M2026257,MS_Student_0257,7,,
M2026258,MS_Student_0258,7,,
M2026259,MS_Student_0259,7,,
M2026260,MS_Student_0260,7,,
M2026261,MS_Student_0261,7,,
M2026262,MS_Student_0262,7,,
M2026263,MS_Student_0263,7,,
M2026264,MS_Student_0264,7,,
M2026265,MS_Student_0265,7,,
M2026266,MS_Student_0266,7,,
M2026267,MS_Student_0267,7,,
M2026268,MS_Student_0268,7,,
M2026269,MS_Student_0269,7,,
M2026270,MS_Student_0270,7,,
M2026271,MS_Student_0271,7,,
M2026272,MS_Student_0272,7,,
M2026273,MS_Student_0273,7,,
M2026274,MS_Student_0274,7,,
M2026275,MS_Student_0275,7,,
M2026276,MS_Student_0276,7,,
M2026277,MS_Student_0277,7,,
M2026278,MS_Student_0278,7,,
M2026279,MS_Student_0279,7,,
M2026280,MS_Student_0280,7,,
M2026281,MS_Student_0281,7,,
M2026282,MS_Student_0282,7,,
M2026283,MS_Student_0283,7,,
M2026284,MS_Student_0284,7,,
M2026285,MS_Student_0285,7,,
M2026286,MS_Student_0286,7,,
M2026287,MS_Student_0287,7,,
M2026288,MS_Student_0288,7,,
M2026289,MS_Student_0289,7,,
M2026290,MS_Student_0290,7,,
M2026291,MS_Student_0291,7,,
M2026292,MS_Student_0292,7,,
M2026293,MS_Student_0293,7,,
M2026294,MS_Student_0294,7,,
M2026295,MS_Student_0295,7,,
M2026296,MS_Student_0296,7,,
M2026297,MS_Student_0297,7,,
M2026298,MS_Student_0298,7,,
M2026299,MS_Student_0299,7,,
M2026300,MS_Student_0300,7,,
M2026301,MS_Student_0301,7,,
M2026302,MS_Student_0302,7,,
M2026303,MS_Student_0303,7,,
M2026304,MS_Student_0304,7,,
M2026305,MS_Student_0305,7,,
M2026306,MS_Student_0306,7,,
M2026307,MS_Student_0307,7,,
M2026308,MS_Student_0308,7,,
M2026309,MS_Student_0309,7,,
M2026310,MS_Student_0310,7,,
M2026311,MS_Student_0311,7,,
M2026312,MS_Student_0312,7,,
M2026313,MS_Student_0313,7,,
M2026314,MS_Student_0314,7,,
M2026315,MS_Student_0315,7,,
M2026316,MS_Student_0316,7,,
M2026317,MS_Student_0317,7,,
M2026318,MS_Student_0318,7,,
M2026319,MS_Student_0319,7,,
M2026320,MS_Student_0320,7,,
M2026321,MS_Student_0321,7,,
M2026322,MS_Student_0322,7,,
M2026323,MS_Student_0323,7,,
M2026324,MS_Student_0324,7,,
M2026325,MS_Student_0325,7,,
M2026326,MS_Student_0326,7,,
M2026327,MS_Student_0327,7,,
M2026328,MS_Student_0328,7,,
M2026329,MS_Student_0329,7,,
M2026330,MS_Student_0330,7,,
M2026331,MS_Student_0331,7,,
M2026332,MS_Student_0332,7,,
M2026333,MS_Student_0333,7,,
M2026334,MS_Student_0334,7,,
M2026335,MS_Student_0335,7,,
M2026336,MS_Student_0336,7,,
M2026337,MS_Student_0337,7,,
M2026338,MS_Student_0338,7,,
M2026339,MS_Student_0339,7,,
M2026340,MS_Student_0340,7,,
M2026341,MS_Student_0341,7,,
M2026342,MS_Student_0342,7,,
M2026343,MS_Student_0343,7,,
M2026344,MS_Student_0344,7,,
M2026345,MS_Student_0345,7,,
M2026346,MS_Student_0346,7,,
M2026347,MS_Student_0347,7,,
M2026348,MS_Student_0348,7,,
M2026349,MS_Student_0349,7,,
M2026350,MS_Student_0350,7,,
M2026351,MS_Student_0351,7,,
M2026352,MS_Student_0352,7,,
M2026353,MS_Student_0353,7,,
M2026354,MS_Student_0354,7,,
M2026355,MS_Student_0355,7,,
M2026356,MS_Student_0356,7,,
M2026357,MS_Student_0357,7,,
M2026358,MS_Student_0358,7,,
M2026359,MS_Student_0359,7,,
M2026360,MS_Student_0360,7,,
M2026361,MS_Student_0361,7,,
M2026362,MS_Student_0362,7,,
M2026363,MS_Student_0363,7,,
M2026364,MS_Student_0364,7,,
M2026365,MS_Student_0365,7,,
M2026366,MS_Student_0366,7,,
M2026367,MS_Student_0367,7,,
M2026368,MS_Student_0368,7,,
M2026369,MS_Student_0369,7,,
M2026370,MS_Student_0370,7,,
M2026371,MS_Student_0371,7,,
M2026372,MS_Student_0372,7,,
M2026373,MS_Student_0373,7,,
M2026374,MS_Student_0374,7,,
M2026375,MS_Student_0375,7,,
M2026376,MS_Student_0376,7,,
M2026377,MS_Student_0377,7,,
M2026378,MS_Student_0378,7,,
M2026379,MS_Student_0379,7,,
M2026380,MS_Student_0380,7,,
M2026381,MS_Student_0381,7,,
M2026382,MS_Student_0382,7,,
M2026383,MS_Student_0383,7,,
M2026384,MS_Student_0384,7,,
M2026385,MS_Student_0385,7,,
M2026386,MS_Student_0386,7,,
M2026387,MS_Student_0387,7,,
M2026388,MS_Student_0388,7,,
M2026389,MS_Student_0389,7,,
M2026390,MS_Student_0390,7,,
M2026391,MS_Student_0391,7,,
M2026392,MS_Student_0392,7,,
M2026393,MS_Student_0393,7,,
M2026394,MS_Student_0394,7,,
M2026395,MS_Student_0395,7,,
M2026396,MS_Student_0396,7,,
M2026397,MS_Student_0397,7,,
M2026398,MS_Student_0398,7,,
M2026399,MS_Student_0399,7,,
M2026400,MS_Student_0400,7,,
M2026401,MS_Student_0401,8,,
M2026402,MS_Student_0402,8,,
M2026403,MS_Student_0403,8,,
M2026404,MS_Student_0404,8,,
M2026405,MS_Student_0405,8,,
M2026406,MS_Student_0406,8,,
M2026407,MS_Student_0407,8,,
M2026408,MS_Student_0408,8,,
M2026409,MS_Student_0409,8,,
M2026410,MS_Student_0410,8,,
M2026411,MS_Student_0411,8,,
M2026412,MS_Student_0412,8,,
M2026413,MS_Student_0413,8,,
M2026414,MS_Student_0414,8,,
M2026415,MS_Student_0415,8,,
M2026416,MS_Student_0416,8,,
M2026417,MS_Student_0417,8,,
M2026418,MS_Student_0418,8,,
M2026419,MS_Student_0419,8,,
M2026420,MS_Student_0420,8,,
M2026421,MS_Student_0421,8,,
M2026422,MS_Student_0422,8,,
M2026423,MS_Student_0423,8,,
M2026424,MS_Student_0424,8,,
M2026425,MS_Student_0425,8,,
M2026426,MS_Student_0426,8,,
M2026427,MS_Student_0427,8,,
M2026428,MS_Student_0428,8,,
M2026429,MS_Student_0429,8,,
M2026430,MS_Student_0430,8,,
M2026431,MS_Student_0431,8,,
M2026432,MS_Student_0432,8,,
M2026433,MS_Student_0433,8,,
M2026434,MS_Student_0434,8,,
M2026435,MS_Student_0435,8,,
M2026436,MS_Student_0436,8,,
M2026437,MS_Student_0437,8,,
M2026438,MS_Student_0438,8,,
M2026439,MS_Student_0439,8,,
M2026440,MS_Student_0440,8,,
M2026441,MS_Student_0441,8,,
M2026442,MS_Student_0442,8,,
M2026443,MS_Student_0443,8,,
M2026444,MS_Student_0444,8,,
M2026445,MS_Student_0445,8,,
M2026446,MS_Student_0446,8,,
M2026447,MS_Student_0447,8,,
M2026448,MS_Student_0448,8,,
M2026449,MS_Student_0449,8,,
M2026450,MS_Student_0450,8,,
M2026451,MS_Student_0451,8,,
M2026452,MS_Student_0452,8,,
M2026453,MS_Student_0453,8,,
M2026454,MS_Student_0454,8,,
M2026455,MS_Student_0455,8,,
M2026456,MS_Student_0456,8,,
M2026457,MS_Student_0457,8,,
M2026458,MS_Student_0458,8,,
M2026459,MS_Student_0459,8,,
M2026460,MS_Student_0460,8,,
M2026461,MS_Student_0461,8,,
M2026462,MS_Student_0462,8,,
M2026463,MS_Student_0463,8,,
M2026464,MS_Student_0464,8,,
M2026465,MS_Student_0465,8,,
M2026466,MS_Student_0466,8,,
M2026467,MS_Student_0467,8,,
M2026468,MS_Student_0468,8,,
M2026469,MS_Student_0469,8,,
M2026470,MS_Student_0470,8,,
M2026471,MS_Student_0471,8,,
M2026472,MS_Student_0472,8,,
M2026473,MS_Student_0473,8,,
M2026474,MS_Student_0474,8,,
M2026475,MS_Student_0475,8,,
M2026476,MS_Student_0476,8,,
M2026477,MS_Student_0477,8,,
M2026478,MS_Student_0478,8,,
M2026479,MS_Student_0479,8,,
M2026480,MS_Student_0480,8,,
M2026481,MS_Student_0481,8,,
M2026482,MS_Student_0482,8,,
M2026483,MS_Student_0483,8,,
M2026484,MS_Student_0484,8,,
M2026485,MS_Student_0485,8,,
M2026486,MS_Student_0486,8,,
M2026487,MS_Student_0487,8,,
M2026488,MS_Student_0488,8,,
M2026489,MS_Student_0489,8,,
M2026490,MS_Student_0490,8,,
M2026491,MS_Student_0491,8,,
M2026492,MS_Student_0492,8,,
M2026493,MS_Student_0493,8,,
M2026494,MS_Student_0494,8,,
M2026495,MS_Student_0495,8,,
M2026496,MS_Student_0496,8,,
M2026497,MS_Student_0497,8,,
M2026498,MS_Student_0498,8,,
M2026499,MS_Student_0499,8,,
M2026500,MS_Student_0500,8,,
M2026501,MS_Student_0501,8,,
M2026502,MS_Student_0502,8,,
M2026503,MS_Student_0503,8,,
M2026504,MS_Student_0504,8,,
M2026505,MS_Student_0505,8,,
M2026506,MS_Student_0506,8,,
M2026507,MS_Student_0507,8,,
M2026508,MS_Student_0508,8,,
M2026509,MS_Student_0509,8,,
M2026510,MS_Student_0510,8,,
M2026511,MS_Student_0511,8,,
M2026512,MS_Student_0512,8,,
M2026513,MS_Student_0513,8,,
M2026514,MS_Student_0514,8,,
M2026515,MS_Student_0515,8,,
M2026516,MS_Student_0516,8,,
M2026517,MS_Student_0517,8,,
M2026518,MS_Student_0518,8,,
M2026519,MS_Student_0519,8,,
M2026520,MS_Student_0520,8,,
M2026521,MS_Student_0521,8,,
M2026522,MS_Student_0522,8,,
M2026523,MS_Student_0523,8,,
M2026524,MS_Student_0524,8,,
M2026525,MS_Student_0525,8,,
M2026526,MS_Student_0526,8,,
M2026527,MS_Student_0527,8,,
M2026528,MS_Student_0528,8,,
M2026529,MS_Student_0529,8,,
M2026530,MS_Student_0530,8,,
M2026531,MS_Student_0531,8,,
M2026532,MS_Student_0532,8,,
M2026533,MS_Student_0533,8,,
M2026534,MS_Student_0534,8,,
M2026535,MS_Student_0535,8,,
M2026536,MS_Student_0536,8,,
M2026537,MS_Student_0537,8,,
M2026538,MS_Student_0538,8,,
M2026539,MS_Student_0539,8,,
M2026540,MS_Student_0540,8,,
M2026541,MS_Student_0541,8,,
M2026542,MS_Student_0542,8,,
M2026543,MS_Student_0543,8,,
M2026544,MS_Student_0544,8,,
M2026545,MS_Student_0545,8,,
M2026546,MS_Student_0546,8,,
M2026547,MS_Student_0547,8,,
M2026548,MS_Student_0548,8,,
M2026549,MS_Student_0549,8,,
M2026550,MS_Student_0550,8,,
M2026551,MS_Student_0551,8,,
M2026552,MS_Student_0552,8,,
M2026553,MS_Student_0553,8,,
M2026554,MS_Student_0554,8,,
M2026555,MS_Student_0555,8,,
M2026556,MS_Student_0556,8,,
M2026557,MS_Student_0557,8,,
M2026558,MS_Student_0558,8,,
M2026559,MS_Student_0559,8,,
M2026560,MS_Student_0560,8,,
M2026561,MS_Student_0561,8,,
M2026562,MS_Student_0562,8,,
M2026563,MS_Student_0563,8,,
M2026564,MS_Student_0564,8,,
M2026565,MS_Student_0565,8,,
M2026566,MS_Student_0566,8,,
M2026567,MS_Student_0567,8,,
M2026568,MS_Student_0568,8,,
M2026569,MS_Student_0569,8,,
M2026570,MS_Student_0570,8,,
M2026571,MS_Student_0571,8,,
M2026572,MS_Student_0572,8,,
M2026573,MS_Student_0573,8,,
M2026574,MS_Student_0574,8,,
M2026575,MS_Student_0575,8,,
M2026576,MS_Student_0576,8,,
M2026577,MS_Student_0577,8,,
M2026578,MS_Student_0578,8,,
M2026579,MS_Student_0579,8,,
M2026580,MS_Student_0580,8,,
M2026581,MS_Student_0581,8,,
M2026582,MS_Student_0582,8,,
M2026583,MS_Student_0583,8,,
M2026584,MS_Student_0584,8,,
M2026585,MS_Student_0585,8,,
M2026586,MS_Student_0586,8,,
M2026587,MS_Student_0587,8,,
M2026588,MS_Student_0588,8,,
M2026589,MS_Student_0589,8,,
M2026590,MS_Student_0590,8,,
M2026591,MS_Student_0591,8,,
M2026592,MS_Student_0592,8,,
M2026593,MS_Student_0593,8,,
M2026594,MS_Student_0594,8,,
M2026595,MS_Student_0595,8,,
M2026596,MS_Student_0596,8,,
M2026597,MS_Student_0597,8,,
M2026598,MS_Student_0598,8,,
M2026599,MS_Student_0599,8,,
M2026600,MS_Student_0600,8,,
